{
  "generated": "2026-07-14T13:36:26",
  "host": "workstation-max",
  "gpu_count": 8,
  "world_size": 4,
  "flags": {
    "b": 4,
    "t": 64,
    "d": null,
    "steps": 12
  },
  "note": "Run-side data only (no plotting). mean_step_ms excludes the first 2 warmup steps. peak_mem_mib_* sampled via nvidia-smi during the run. Stages with status!='ok' did not train.",
  "results": [
    {
      "stage": 0,
      "precision": "fp32",
      "world_size": 4,
      "flags": {
        "b": 4,
        "t": 64,
        "d": null,
        "steps": 12
      },
      "status": "ok",
      "mean_step_ms": 63.27,
      "tokens_per_sec": 16184.605658289867,
      "tokens_per_step": 1024,
      "peak_mem_mib_per_gpu_raw": {
        "0": 4,
        "1": 2,
        "2": 2,
        "3": 3266,
        "4": 3266,
        "5": 3266,
        "6": 3266,
        "7": 2
      },
      "peak_mem_mib_per_gpu_delta": {
        "0": 2,
        "1": 0,
        "2": 0,
        "3": 3264,
        "4": 3264,
        "5": 3264,
        "6": 3264,
        "7": 0
      },
      "peak_mem_mib_max_delta": 3264,
      "num_gpus_touched": 5,
      "losses": [
        5.08137,
        4.573826,
        4.295898,
        4.171476,
        3.992277,
        4.225134,
        3.704273,
        4.232797,
        4.319726,
        4.21756,
        4.067653,
        3.855766
      ],
      "wall_s": 4.9,
      "stderr_tail": ""
    },
    {
      "stage": 1,
      "precision": "fp32",
      "world_size": 4,
      "flags": {
        "b": 4,
        "t": 64,
        "d": null,
        "steps": 12
      },
      "status": "ok",
      "mean_step_ms": 86.437,
      "tokens_per_sec": 11846.778578617954,
      "tokens_per_step": 1024,
      "peak_mem_mib_per_gpu_raw": {
        "0": 892,
        "1": 2,
        "2": 2,
        "3": 2498,
        "4": 2498,
        "5": 2498,
        "6": 2498,
        "7": 4
      },
      "peak_mem_mib_per_gpu_delta": {
        "0": 888,
        "1": 0,
        "2": 0,
        "3": 2494,
        "4": 2494,
        "5": 2494,
        "6": 2494,
        "7": 0
      },
      "peak_mem_mib_max_delta": 2494,
      "num_gpus_touched": 5,
      "losses": [
        5.08137,
        4.573826,
        4.295899,
        4.171521,
        3.992266,
        4.225222,
        3.70436,
        4.232952,
        4.319685,
        4.217561,
        4.067544,
        3.855888
      ],
      "wall_s": 3.8,
      "stderr_tail": ""
    },
    {
      "stage": 2,
      "precision": "fp32",
      "world_size": 4,
      "flags": {
        "b": 4,
        "t": 64,
        "d": null,
        "steps": 12
      },
      "status": "ok",
      "mean_step_ms": 61.286,
      "tokens_per_sec": 16708.54681330157,
      "tokens_per_step": 1024,
      "peak_mem_mib_per_gpu_raw": {
        "0": 892,
        "1": 2,
        "2": 2,
        "3": 2754,
        "4": 2754,
        "5": 2754,
        "6": 2754,
        "7": 4
      },
      "peak_mem_mib_per_gpu_delta": {
        "0": 0,
        "1": 0,
        "2": 0,
        "3": 2750,
        "4": 2750,
        "5": 2750,
        "6": 2750,
        "7": 0
      },
      "peak_mem_mib_max_delta": 2750,
      "num_gpus_touched": 4,
      "losses": [
        5.08137,
        4.573813,
        4.295883,
        4.171577,
        3.992345,
        4.225233,
        3.704238,
        4.23259,
        4.319829,
        4.217728,
        4.067688,
        3.85591
      ],
      "wall_s": 3.9,
      "stderr_tail": ""
    },
    {
      "stage": 3,
      "precision": "fp32",
      "world_size": 4,
      "flags": {
        "b": 4,
        "t": 64,
        "d": null,
        "steps": 12
      },
      "status": "ok",
      "mean_step_ms": 61.55,
      "tokens_per_sec": 16636.880584890332,
      "tokens_per_step": 1024,
      "peak_mem_mib_per_gpu_raw": {
        "0": 822,
        "1": 2,
        "2": 2,
        "3": 2754,
        "4": 2754,
        "5": 2754,
        "6": 2754,
        "7": 4
      },
      "peak_mem_mib_per_gpu_delta": {
        "0": 820,
        "1": 0,
        "2": 0,
        "3": 2752,
        "4": 2752,
        "5": 2752,
        "6": 2752,
        "7": 2
      },
      "peak_mem_mib_max_delta": 2752,
      "num_gpus_touched": 6,
      "losses": [
        5.08137,
        4.573813,
        4.295883,
        4.171577,
        3.992342,
        4.225196,
        3.704251,
        4.232742,
        4.319834,
        4.217765,
        4.067699,
        3.855841
      ],
      "wall_s": 5.1,
      "stderr_tail": ""
    },
    {
      "stage": 0,
      "precision": "bf16",
      "world_size": 4,
      "flags": {
        "b": 4,
        "t": 64,
        "d": null,
        "steps": 12
      },
      "status": "ok",
      "mean_step_ms": 60.53099999999999,
      "tokens_per_sec": 16916.951644611854,
      "tokens_per_step": 1024,
      "peak_mem_mib_per_gpu_raw": {
        "0": 2,
        "1": 2,
        "2": 2,
        "3": 3010,
        "4": 3010,
        "5": 3010,
        "6": 3010,
        "7": 2
      },
      "peak_mem_mib_per_gpu_delta": {
        "0": 0,
        "1": 0,
        "2": 0,
        "3": 3008,
        "4": 3008,
        "5": 3008,
        "6": 3008,
        "7": 0
      },
      "peak_mem_mib_max_delta": 3008,
      "num_gpus_touched": 4,
      "losses": [
        5.069018,
        4.592151,
        4.292385,
        4.150363,
        3.972841,
        4.221094,
        3.702369,
        4.211153,
        4.319324,
        4.218217,
        4.07729,
        3.864299
      ],
      "wall_s": 3.9,
      "stderr_tail": ""
    },
    {
      "stage": 1,
      "precision": "bf16",
      "world_size": 4,
      "flags": {
        "b": 4,
        "t": 64,
        "d": null,
        "steps": 12
      },
      "status": "ok",
      "mean_step_ms": 71.256,
      "tokens_per_sec": 14370.719658695409,
      "tokens_per_step": 1024,
      "peak_mem_mib_per_gpu_raw": {
        "0": 2,
        "1": 2,
        "2": 2,
        "3": 1986,
        "4": 1986,
        "5": 1986,
        "6": 1986,
        "7": 2
      },
      "peak_mem_mib_per_gpu_delta": {
        "0": 0,
        "1": 0,
        "2": 0,
        "3": 1984,
        "4": 1984,
        "5": 1984,
        "6": 1984,
        "7": 0
      },
      "peak_mem_mib_max_delta": 1984,
      "num_gpus_touched": 4,
      "losses": [
        5.069018,
        4.592151,
        4.292385,
        4.150363,
        3.972841,
        4.221094,
        3.702369,
        4.211153,
        4.319324,
        4.218217,
        4.07729,
        3.864299
      ],
      "wall_s": 4.0,
      "stderr_tail": ""
    },
    {
      "stage": 2,
      "precision": "bf16",
      "world_size": 4,
      "flags": {
        "b": 4,
        "t": 64,
        "d": null,
        "steps": 12
      },
      "status": "ok",
      "mean_step_ms": 58.34400000000001,
      "tokens_per_sec": 17551.076374605786,
      "tokens_per_step": 1024,
      "peak_mem_mib_per_gpu_raw": {
        "0": 2,
        "1": 2,
        "2": 2,
        "3": 1986,
        "4": 1986,
        "5": 1986,
        "6": 1986,
        "7": 2
      },
      "peak_mem_mib_per_gpu_delta": {
        "0": 0,
        "1": 0,
        "2": 0,
        "3": 1984,
        "4": 1984,
        "5": 1984,
        "6": 1984,
        "7": 0
      },
      "peak_mem_mib_max_delta": 1984,
      "num_gpus_touched": 4,
      "losses": [
        5.069018,
        4.592151,
        4.292385,
        4.150363,
        3.975605,
        4.224271,
        3.696437,
        4.220042,
        4.311516,
        4.223957,
        4.084869,
        3.859168
      ],
      "wall_s": 3.9,
      "stderr_tail": ""
    },
    {
      "stage": 3,
      "precision": "bf16",
      "world_size": 4,
      "flags": {
        "b": 4,
        "t": 64,
        "d": null,
        "steps": 12
      },
      "status": "ok",
      "mean_step_ms": 58.549,
      "tokens_per_sec": 17489.62407556064,
      "tokens_per_step": 1024,
      "peak_mem_mib_per_gpu_raw": {
        "0": 1148,
        "1": 2,
        "2": 2,