{
  "generated": "2026-07-14T17:11:39",
  "host": "workstation-max",
  "gpu_count": 8,
  "world_size": 4,
  "flags": {
    "b": 4,
    "t": 64,
    "d": null,
    "steps": 12
  },
  "note": "Run-side data only (no plotting). mean_step_ms excludes the first 2 warmup steps. peak_mem_mib_* sampled via nvidia-smi during the run. Stages with status!='ok' did not train.",
  "results": [
    {
      "stage": 0,
      "precision": "fp32",
      "world_size": 4,
      "flags": {
        "b": 4,
        "t": 64,
        "d": null,
        "steps": 12
      },
      "status": "ok",
      "mean_step_ms": 51.041,
      "tokens_per_sec": 20062.302854567897,
      "tokens_per_step": 1024,
      "peak_mem_mib_per_gpu_raw": {
        "0": 3522,
        "1": 2,
        "2": 3522,
        "3": 3522,
        "4": 3522,
        "5": 2,
        "6": 2,
        "7": 2
      },
      "peak_mem_mib_per_gpu_delta": {
        "0": 3520,
        "1": 0,
        "2": 3520,
        "3": 3520,
        "4": 3520,
        "5": 0,
        "6": 0,
        "7": 0
      },
      "peak_mem_mib_max_delta": 3520,
      "num_gpus_touched": 4,
      "losses": [
        5.08137,
        4.573826,
        4.295899,
        4.171524,
        3.99216,
        4.225048,
        3.704232,
        4.232536,
        4.319613,
        4.217493,
        4.067505,
        3.855865
      ],
      "wall_s": 4.6,
      "stderr_tail": ""
    },
    {
      "stage": 1,
      "precision": "fp32",
      "world_size": 4,
      "flags": {
        "b": 4,
        "t": 64,
        "d": null,
        "steps": 12
      },
      "status": "ok",
      "mean_step_ms": 68.756,
      "tokens_per_sec": 14893.245680376986,
      "tokens_per_step": 1024,
      "peak_mem_mib_per_gpu_raw": {
        "0": 2754,
        "1": 2,
        "2": 2754,
        "3": 2754,
        "4": 2754,
        "5": 2,
        "6": 2,
        "7": 2
      },
      "peak_mem_mib_per_gpu_delta": {
        "0": 2752,
        "1": 0,
        "2": 2752,
        "3": 2752,
        "4": 2752,
        "5": 0,
        "6": 0,
        "7": 0
      },
      "peak_mem_mib_max_delta": 2752,
      "num_gpus_touched": 4,
      "losses": [
        5.08137,
        4.573826,
        4.295904,
        4.1716,
        3.992218,
        4.225235,
        3.704258,
        4.232711,
        4.319623,
        4.217618,
        4.067598,
        3.855846
      ],
      "wall_s": 4.0,
      "stderr_tail": ""
    },
    {
      "stage": 2,
      "precision": "fp32",
      "world_size": 4,
      "flags": {
        "b": 4,
        "t": 64,
        "d": null,
        "steps": 12
      },
      "status": "ok",
      "mean_step_ms": 81.05199999999999,
      "tokens_per_sec": 12633.864679465036,
      "tokens_per_step": 1024,
      "peak_mem_mib_per_gpu_raw": {
        "0": 2498,
        "1": 2,
        "2": 2498,
        "3": 2498,
        "4": 2498,
        "5": 2,
        "6": 2,
        "7": 2
      },
      "peak_mem_mib_per_gpu_delta": {
        "0": 2496,
        "1": 0,
        "2": 2496,
        "3": 2496,
        "4": 2496,
        "5": 0,
        "6": 0,
        "7": 0
      },
      "peak_mem_mib_max_delta": 2496,
      "num_gpus_touched": 4,
      "losses": [
        5.08137,
        4.573813,
        4.29592,
        4.171607,
        3.99244,
        4.22523,
        3.704279,
        4.232862,
        4.319894,
        4.217743,
        4.067614,
        3.8559
      ],
      "wall_s": 4.2,
      "stderr_tail": ""
    },
    {
      "stage": 3,
      "precision": "fp32",
      "world_size": 4,
      "flags": {
        "b": 4,
        "t": 64,
        "d": null,
        "steps": 12
      },
      "status": "ok",
      "mean_step_ms": 119.146,
      "tokens_per_sec": 8594.497507260001,
      "tokens_per_step": 1024,
      "peak_mem_mib_per_gpu_raw": {
        "0": 2242,
        "1": 2,
        "2": 2242,
        "3": 2242,
        "4": 2242,
        "5": 2,
        "6": 2,
        "7": 2
      },
      "peak_mem_mib_per_gpu_delta": {
        "0": 2240,
        "1": 0,
        "2": 2240,
        "3": 2240,
        "4": 2240,
        "5": 0,
        "6": 0,
        "7": 0
      },
      "peak_mem_mib_max_delta": 2240,
      "num_gpus_touched": 4,
      "losses": [
        5.08137,
        4.573813,
        4.29592,
        4.171567,
        3.992349,
        4.225244,
        3.704368,
        4.232729,
        4.319716,
        4.217666,
        4.067643,
        3.855806
      ],
      "wall_s": 6.0,
      "stderr_tail": ""
    },
    {
      "stage": 0,
      "precision": "bf16",
      "world_size": 4,
      "flags": {
        "b": 4,
        "t": 64,
        "d": null,
        "steps": 12
      },
      "status": "ok",
      "mean_step_ms": 54.33,
      "tokens_per_sec": 18847.78207251979,
      "tokens_per_step": 1024,
      "peak_mem_mib_per_gpu_raw": {
        "0": 3010,
        "1": 2,
        "2": 3010,
        "3": 3010,
        "4": 3010,
        "5": 2,
        "6": 2,
        "7": 2
      },
      "peak_mem_mib_per_gpu_delta": {
        "0": 3008,
        "1": 0,
        "2": 3008,
        "3": 3008,
        "4": 3008,
        "5": 0,
        "6": 0,
        "7": 0
      },
      "peak_mem_mib_max_delta": 3008,
      "num_gpus_touched": 4,
      "losses": [
        5.069018,
        4.592151,
        4.292385,
        4.150363,
        3.972841,
        4.221094,
        3.702369,
        4.211153,
        4.319324,
        4.218217,
        4.07729,
        3.864299
      ],
      "wall_s": 3.9,
      "stderr_tail": ""
    },
    {
      "stage": 1,
      "precision": "bf16",
      "world_size": 4,
      "flags": {
        "b": 4,
        "t": 64,
        "d": null,
        "steps": 12
      },
      "status": "ok",
      "mean_step_ms": 62.069,
      "tokens_per_sec": 16497.76861235077,
      "tokens_per_step": 1024,
      "peak_mem_mib_per_gpu_raw": {
        "0": 1986,
        "1": 2,
        "2": 1986,
        "3": 1986,
        "4": 1986,
        "5": 2,
        "6": 2,
        "7": 2
      },
      "peak_mem_mib_per_gpu_delta": {
        "0": 1984,
        "1": 0,
        "2": 1984,
        "3": 1984,
        "4": 1984,
        "5": 0,
        "6": 0,
        "7": 0
      },
      "peak_mem_mib_max_delta": 1984,
      "num_gpus_touched": 4,
      "losses": [
        5.069018,
        4.592151,
        4.292385,
        4.150363,
        3.972841,
        4.221094,
        3.702369,
        4.211153,
        4.319324,
        4.218217,
        4.07729,
        3.864299
      ],
      "wall_s": 3.8,
      "stderr_tail": ""
    },
    {
      "stage": 2,
      "precision": "bf16",
      "world_size": 4,
      "flags": {
        "b": 4,
        "t": 64,
        "d": null,
        "steps": 12
      },
      "status": "ok",
      "mean_step_ms": 70.986,
      "tokens_per_sec": 14425.37965232581,
      "tokens_per_step": 1024,
      "peak_mem_mib_per_gpu_raw": {
        "0": 1986,
        "1": 2,
        "2": 1986,
        "3": 1986,
        "4": 1986,
        "5": 2,
        "6": 2,
        "7": 2
      },
      "peak_mem_mib_per_gpu_delta": {
        "0": 1984,
        "1": 0,
        "2": 1984,
        "3": 1984,
        "4": 1984,
        "5": 0,
        "6": 0,
        "7": 0
      },
      "peak_mem_mib_max_delta": 1984,
      "num_gpus_touched": 4,
      "losses": [
        5.069018,
        4.58857,
        4.300778,
        4.153273,
        3.972188,
        4.211655,
        3.692131,
        4.205255,
        4.314942,
        4.213688,
        4.08214,
        3.855121
      ],
      "wall_s": 3.9,
      "stderr_tail": ""
    },
    {
      "stage": 3,
      "precision": "bf16",
      "world_size": 4,
      "flags": {
        "b": 4,
        "t": 64,
        "d": null,
        "steps": 12
      },
      "status": "ok",
      "mean_step_ms": 95.408,
      "tokens_per_sec": 10732.852590977694,
      "tokens_per_step": 1024,
      "peak_mem_mib_per_gpu_raw": {
        "0": 1730,
        "1": 2,
        "2": 1730,
        "3": 1730,