{
  "generated": "2026-07-14T13:13:54",
  "host": "workstation-max",
  "gpu_count": 8,
  "world_size": 8,
  "flags": {
    "b": 4,
    "t": 64,
    "d": null,
    "steps": 12
  },
  "note": "Run-side data only (no plotting). mean_step_ms excludes the first 2 warmup steps. peak_mem_mib_* sampled via nvidia-smi during the run. Stages with status!='ok' did not train.",
  "results": [
    {
      "stage": 0,
      "precision": "fp32",
      "world_size": 8,
      "flags": {
        "b": 4,
        "t": 64,
        "d": null,
        "steps": 12
      },
      "status": "ok",
      "mean_step_ms": 105.05499999999999,
      "tokens_per_sec": 19494.55047356147,
      "tokens_per_step": 2048,
      "peak_mem_mib_per_gpu_raw": {
        "0": 3280,
        "1": 3280,
        "2": 3280,
        "3": 3280,
        "4": 3280,
        "5": 3280,
        "6": 3280,
        "7": 3280
      },
      "peak_mem_mib_per_gpu_delta": {
        "0": 3278,
        "1": 3278,
        "2": 3278,
        "3": 3278,
        "4": 3278,
        "5": 3278,
        "6": 3278,
        "7": 3278
      },
      "peak_mem_mib_max_delta": 3278,
      "num_gpus_touched": 8,
      "losses": [
        5.092038,
        4.666768,
        4.253753,
        4.104084,
        4.340197,
        3.963101,
        3.916111,
        4.256904,
        3.936872,
        3.672008,
        3.953224,
        3.835808
      ],
      "wall_s": 8.6,
      "stderr_tail": ""
    },
    {
      "stage": 1,
      "precision": "fp32",
      "world_size": 8,
      "flags": {
        "b": 4,
        "t": 64,
        "d": null,
        "steps": 12
      },
      "status": "ok",
      "mean_step_ms": 151.34,
      "tokens_per_sec": 13532.443504691422,
      "tokens_per_step": 2048,
      "peak_mem_mib_per_gpu_raw": {
        "0": 2512,
        "1": 2512,
        "2": 2512,
        "3": 2512,
        "4": 2512,
        "5": 2512,
        "6": 2512,
        "7": 2512
      },
      "peak_mem_mib_per_gpu_delta": {
        "0": 2510,
        "1": 2510,
        "2": 2510,
        "3": 2510,
        "4": 2510,
        "5": 2510,
        "6": 2510,
        "7": 2510
      },
      "peak_mem_mib_max_delta": 2510,
      "num_gpus_touched": 8,
      "losses": [
        5.092038,
        4.666768,
        4.253752,
        4.104046,
        4.340137,
        3.963171,
        3.916126,
        4.257027,
        3.936924,
        3.672067,
        3.953284,
        3.835887
      ],
      "wall_s": 7.7,
      "stderr_tail": ""
    },
    {
      "stage": 2,
      "precision": "fp32",
      "world_size": 8,
      "flags": {
        "b": 4,
        "t": 64,
        "d": null,
        "steps": 12
      },
      "status": "ok",
      "mean_step_ms": 104.31099999999999,
      "tokens_per_sec": 19633.5956898122,
      "tokens_per_step": 2048,
      "peak_mem_mib_per_gpu_raw": {
        "0": 2512,
        "1": 2512,
        "2": 2512,
        "3": 2512,
        "4": 2512,
        "5": 2512,
        "6": 2512,
        "7": 2512
      },
      "peak_mem_mib_per_gpu_delta": {
        "0": 2510,
        "1": 2510,
        "2": 2510,
        "3": 2510,
        "4": 2510,
        "5": 2510,
        "6": 2510,
        "7": 2510
      },
      "peak_mem_mib_max_delta": 2510,
      "num_gpus_touched": 8,
      "losses": [
        5.092038,
        4.666768,
        4.253752,
        4.104075,
        4.340205,
        3.963079,
        3.916111,
        4.257049,
        3.93682,
        3.671975,
        3.953274,
        3.83582
      ],
      "wall_s": 7.1,
      "stderr_tail": ""
    },
    {
      "stage": 3,
      "precision": "fp32",
      "world_size": 8,
      "flags": {
        "b": 4,
        "t": 64,
        "d": null,
        "steps": 12
      },
      "status": "ok",
      "mean_step_ms": 103.107,
      "tokens_per_sec": 19862.860911480308,
      "tokens_per_step": 2048,
      "peak_mem_mib_per_gpu_raw": {
        "0": 2512,
        "1": 2512,
        "2": 2512,
        "3": 2512,
        "4": 2512,
        "5": 2512,
        "6": 2512,
        "7": 2512
      },
      "peak_mem_mib_per_gpu_delta": {
        "0": 2510,
        "1": 2510,
        "2": 2510,
        "3": 2510,
        "4": 2510,
        "5": 2510,
        "6": 2510,
        "7": 2510
      },
      "peak_mem_mib_max_delta": 2510,
      "num_gpus_touched": 8,
      "losses": [
        5.092038,
        4.666768,
        4.253753,
        4.10408,
        4.340213,
        3.963123,
        3.916059,
        4.256874,
        3.936841,
        3.671991,
        3.953175,
        3.835809
      ],
      "wall_s": 8.6,
      "stderr_tail": ""
    },
    {
      "stage": 0,
      "precision": "bf16",
      "world_size": 8,
      "flags": {
        "b": 4,
        "t": 64,
        "d": null,
        "steps": 12
      },
      "status": "ok",
      "mean_step_ms": 81.961,
      "tokens_per_sec": 24987.494052049147,
      "tokens_per_step": 2048,
      "peak_mem_mib_per_gpu_raw": {
        "0": 3024,
        "1": 3024,
        "2": 3024,
        "3": 3024,
        "4": 3024,
        "5": 3024,
        "6": 3024,
        "7": 3024
      },
      "peak_mem_mib_per_gpu_delta": {
        "0": 3022,
        "1": 3022,
        "2": 3022,
        "3": 3022,
        "4": 3022,
        "5": 3022,
        "6": 3022,
        "7": 3022
      },
      "peak_mem_mib_max_delta": 3022,
      "num_gpus_touched": 8,
      "losses": [
        5.084249,
        4.665826,
        4.289011,
        4.110991,
        4.333063,
        3.981848,
        3.934418,
        4.249199,
        3.931496,
        3.676855,
        3.943336,
        3.827653
      ],
      "wall_s": 6.7,
      "stderr_tail": ""
    },
    {
      "stage": 1,
      "precision": "bf16",
      "world_size": 8,
      "flags": {
        "b": 4,
        "t": 64,
        "d": null,
        "steps": 12
      },
      "status": "ok",
      "mean_step_ms": 102.387,
      "tokens_per_sec": 20002.539384882846,
      "tokens_per_step": 2048,
      "peak_mem_mib_per_gpu_raw": {
        "0": 1744,
        "1": 1744,
        "2": 1744,
        "3": 1744,
        "4": 1744,
        "5": 1744,
        "6": 1744,
        "7": 1744
      },
      "peak_mem_mib_per_gpu_delta": {
        "0": 1742,
        "1": 1742,
        "2": 1742,
        "3": 1742,
        "4": 1742,
        "5": 1742,
        "6": 1742,
        "7": 1742
      },
      "peak_mem_mib_max_delta": 1742,
      "num_gpus_touched": 8,
      "losses": [
        5.084249,
        4.665826,
        4.289011,
        4.110991,
        4.333063,
        3.981848,
        3.934418,
        4.249199,
        3.931496,
        3.676855,
        3.943336,
        3.827653
      ],
      "wall_s": 7.0,
      "stderr_tail": ""
    },
    {
      "stage": 2,
      "precision": "bf16",
      "world_size": 8,
      "flags": {
        "b": 4,
        "t": 64,
        "d": null,
        "steps": 12
      },
      "status": "ok",
      "mean_step_ms": 79.70700000000001,
      "tokens_per_sec": 25694.10465831106,
      "tokens_per_step": 2048,
      "peak_mem_mib_per_gpu_raw": {
        "0": 1744,
        "1": 1744,
        "2": 1744,
        "3": 1744,
        "4": 1744,
        "5": 1744,
        "6": 1744,
        "7": 1744
      },
      "peak_mem_mib_per_gpu_delta": {
        "0": 1742,
        "1": 1742,
        "2": 1742,
        "3": 1742,
        "4": 1742,
        "5": 1742,
        "6": 1742,
        "7": 1742
      },
      "peak_mem_mib_max_delta": 1742,
      "num_gpus_touched": 8,
      "losses": [
        5.084249,
        4.665826,
        4.285959,
        4.112732,
        4.32862,
        3.986706,
        3.933717,
        4.25176,
        3.929699,
        3.674875,
        3.943992,
        3.825587
      ],
      "wall_s": 6.5,
      "stderr_tail": ""
    },
    {
      "stage": 3,
      "precision": "bf16",
      "world_size": 8,
      "flags": {
        "b": 4,
        "t": 64,
        "d": null,
        "steps": 12
      },
      "status": "ok",