{
  "generated": "2026-07-14T13:44:44",
  "host": "workstation-max",
  "gpu_count": 8,
  "world_size": 4,
  "flags": {
    "b": 4,
    "t": 64,
    "d": null,
    "steps": 12
  },
  "note": "Run-side data only (no plotting). mean_step_ms excludes the first 2 warmup steps. peak_mem_mib_* sampled via nvidia-smi during the run. Stages with status!='ok' did not train.",
  "results": [
    {
      "stage": 0,
      "precision": "fp32",
      "world_size": 4,
      "flags": {
        "b": 4,
        "t": 64,
        "d": null,
        "steps": 12
      },
      "status": "ok",
      "mean_step_ms": 63.267999999999994,
      "tokens_per_sec": 16185.11727887716,
      "tokens_per_step": 1024,
      "peak_mem_mib_per_gpu_raw": {
        "0": 954,
        "1": 2,
        "2": 2,
        "3": 3266,
        "4": 3266,
        "5": 3266,
        "6": 3266,
        "7": 4
      },
      "peak_mem_mib_per_gpu_delta": {
        "0": 0,
        "1": 0,
        "2": 0,
        "3": 3262,
        "4": 3262,
        "5": 3262,
        "6": 3262,
        "7": 0
      },
      "peak_mem_mib_max_delta": 3262,
      "num_gpus_touched": 4,
      "losses": [
        5.08137,
        4.573826,
        4.295905,
        4.171539,
        3.992315,
        4.225104,
        3.704312,
        4.232922,
        4.319717,
        4.217353,
        4.067657,
        3.855708
      ],
      "wall_s": 4.0,
      "stderr_tail": ""
    },
    {
      "stage": 1,
      "precision": "fp32",
      "world_size": 4,
      "flags": {
        "b": 4,
        "t": 64,
        "d": null,
        "steps": 12
      },
      "status": "ok",
      "mean_step_ms": 86.799,
      "tokens_per_sec": 11797.370937453195,
      "tokens_per_step": 1024,
      "peak_mem_mib_per_gpu_raw": {
        "0": 954,
        "1": 2,
        "2": 2,
        "3": 2498,
        "4": 2498,
        "5": 2498,
        "6": 2498,
        "7": 4
      },
      "peak_mem_mib_per_gpu_delta": {
        "0": 0,
        "1": 0,
        "2": 0,
        "3": 2494,
        "4": 2494,
        "5": 2494,
        "6": 2494,
        "7": 0
      },
      "peak_mem_mib_max_delta": 2494,
      "num_gpus_touched": 4,
      "losses": [
        5.08137,
        4.573826,
        4.295899,
        4.171535,
        3.992246,
        4.225184,
        3.704333,
        4.232807,
        4.319717,
        4.217566,
        4.067667,
        3.855708
      ],
      "wall_s": 3.7,
      "stderr_tail": ""
    },
    {
      "stage": 2,
      "precision": "fp32",
      "world_size": 4,
      "flags": {
        "b": 4,
        "t": 64,
        "d": null,
        "steps": 12
      },
      "status": "ok",
      "mean_step_ms": 61.383,
      "tokens_per_sec": 16682.143264421746,
      "tokens_per_step": 1024,
      "peak_mem_mib_per_gpu_raw": {
        "0": 954,
        "1": 2,
        "2": 2,
        "3": 2498,
        "4": 2498,
        "5": 2498,
        "6": 2498,
        "7": 4
      },
      "peak_mem_mib_per_gpu_delta": {
        "0": 0,
        "1": 0,
        "2": 0,
        "3": 2494,
        "4": 2494,
        "5": 2494,
        "6": 2494,
        "7": 0
      },
      "peak_mem_mib_max_delta": 2494,
      "num_gpus_touched": 4,
      "losses": [
        5.08137,
        4.573813,
        4.295883,
        4.171577,
        3.992342,
        4.225182,
        3.704216,
        4.232651,
        4.319773,
        4.217613,
        4.067729,
        3.8558
      ],
      "wall_s": 3.6,
      "stderr_tail": ""
    },
    {
      "stage": 3,
      "precision": "fp32",
      "world_size": 4,
      "flags": {
        "b": 4,
        "t": 64,
        "d": null,
        "steps": 12
      },
      "status": "ok",
      "mean_step_ms": 63.053,
      "tokens_per_sec": 16240.305774507162,
      "tokens_per_step": 1024,
      "peak_mem_mib_per_gpu_raw": {
        "0": 954,
        "1": 2,
        "2": 2,
        "3": 2498,
        "4": 2498,
        "5": 2498,
        "6": 2498,
        "7": 4
      },
      "peak_mem_mib_per_gpu_delta": {
        "0": 0,
        "1": 0,
        "2": 0,
        "3": 2494,
        "4": 2494,
        "5": 2494,
        "6": 2494,
        "7": 0
      },
      "peak_mem_mib_max_delta": 2494,
      "num_gpus_touched": 4,
      "losses": [
        5.08137,
        4.573813,
        4.295883,
        4.171577,
        3.992347,
        4.225248,
        3.704312,
        4.23269,
        4.319788,
        4.217747,
        4.067654,
        3.855785
      ],
      "wall_s": 4.7,
      "stderr_tail": ""
    },
    {
      "stage": 0,
      "precision": "bf16",
      "world_size": 4,
      "flags": {
        "b": 4,
        "t": 64,
        "d": null,
        "steps": 12
      },
      "status": "ok",
      "mean_step_ms": 60.487,
      "tokens_per_sec": 16929.257526410634,
      "tokens_per_step": 1024,
      "peak_mem_mib_per_gpu_raw": {
        "0": 954,
        "1": 2,
        "2": 2,
        "3": 3010,
        "4": 3010,
        "5": 3010,
        "6": 3010,
        "7": 4
      },
      "peak_mem_mib_per_gpu_delta": {
        "0": 0,
        "1": 0,
        "2": 0,
        "3": 3006,
        "4": 3006,
        "5": 3006,
        "6": 3006,
        "7": 0
      },
      "peak_mem_mib_max_delta": 3006,
      "num_gpus_touched": 4,
      "losses": [
        5.069018,
        4.592151,
        4.292385,
        4.150363,
        3.972841,
        4.221094,
        3.702369,
        4.211153,
        4.319324,
        4.218217,
        4.07729,
        3.864299
      ],
      "wall_s": 3.5,
      "stderr_tail": ""
    },
    {
      "stage": 1,
      "precision": "bf16",
      "world_size": 4,
      "flags": {
        "b": 4,
        "t": 64,
        "d": null,
        "steps": 12
      },
      "status": "ok",
      "mean_step_ms": 70.973,
      "tokens_per_sec": 14428.02192383019,
      "tokens_per_step": 1024,
      "peak_mem_mib_per_gpu_raw": {
        "0": 954,
        "1": 2,
        "2": 2,
        "3": 1986,
        "4": 1986,
        "5": 1986,
        "6": 1986,
        "7": 4
      },
      "peak_mem_mib_per_gpu_delta": {
        "0": 0,
        "1": 0,
        "2": 0,
        "3": 1982,
        "4": 1982,
        "5": 1982,
        "6": 1982,
        "7": 0
      },
      "peak_mem_mib_max_delta": 1982,
      "num_gpus_touched": 4,
      "losses": [
        5.069018,
        4.592151,
        4.292385,
        4.150363,
        3.972841,
        4.221094,
        3.702369,
        4.211153,
        4.319324,
        4.218217,
        4.07729,
        3.864299
      ],
      "wall_s": 3.4,
      "stderr_tail": ""
    },
    {
      "stage": 2,
      "precision": "bf16",
      "world_size": 4,
      "flags": {
        "b": 4,
        "t": 64,
        "d": null,
        "steps": 12
      },
      "status": "ok",
      "mean_step_ms": 58.545,
      "tokens_per_sec": 17490.819028098045,
      "tokens_per_step": 1024,
      "peak_mem_mib_per_gpu_raw": {
        "0": 954,
        "1": 2,
        "2": 2,
        "3": 1986,
        "4": 1986,
        "5": 1986,
        "6": 1986,
        "7": 4
      },
      "peak_mem_mib_per_gpu_delta": {
        "0": 0,
        "1": 0,
        "2": 0,
        "3": 1982,
        "4": 1982,
        "5": 1982,
        "6": 1982,
        "7": 0
      },
      "peak_mem_mib_max_delta": 1982,
      "num_gpus_touched": 4,
      "losses": [
        5.069018,
        4.592151,
        4.292385,
        4.150363,
        3.975605,
        4.224271,
        3.696437,
        4.220042,
        4.311516,
        4.223957,
        4.084869,
        3.859168
      ],
      "wall_s": 3.3,
      "stderr_tail": ""
    },
    {
      "stage": 3,
      "precision": "bf16",
      "world_size": 4,
      "flags": {
        "b": 4,
        "t": 64,
        "d": null,
        "steps": 12
      },
      "status": "ok",
      "mean_step_ms": 58.324,
      "tokens_per_sec": 17557.094849461628,
      "tokens_per_step": 1024,
      "peak_mem_mib_per_gpu_raw": {
        "0": 954,
        "1": 2,
        "2": 2,